ID,r2
155132,0.9020205603825052
175858,0.7099511156202263
221826,0.8223227744373893
221747,0.8856823565259446
175925,0.8936252964528429
214126,0.7810804332832706
170529,0.8048221337343068
160340,0.7764904481926856
