ID,MAPE
211311,11.604637523353098
215112,7.061237987422983
202935,8.291602187883996
183027,10.667543893867203
134101,21.23377724324832
165303,9.40959148461971
161812,14.798511908681686
191703,48.348970449818076
