ID,r2
175842,0.7127385849971108
212720,0.7664026830381295
184306,0.781274524996928
164032,0.7785974687619481
160132,0.7798184718228554
111858,0.8223048946768508
162224,0.8288512811187676
193039,0.8502026842606436
