ID,MAPE
223926,15.621953563066391
190950,8.580427047996372
225051,9.539297588620704
151206,7.6435716439125825
114233,5.4607982913637905
204710,15.63601709020358
174631,5.994966924994968
162924,5.804406346821375
