ID,r2
175842,0.44792976133771945
212720,0.7427428054004851
184306,0.8110569715479361
164032,0.7472361171686549
160132,0.7197160818038644
111858,0.7491771643574631
162224,0.7383682947533482
193039,0.7455030430354718
