ID,MAPE
175842,14.761927956024165
212720,10.19542654990276
184306,11.576718322139726
164032,16.9491993398077
160132,11.948587114012973
111858,10.600011984289921
162224,11.41206678567789
193039,25.520310602337343
