ID,r2
175842,0.8223969135083058
212720,0.8909898492271229
184306,0.894337969177085
164032,0.8813011419801392
160132,0.8568314033771423
111858,0.881352018117075
162224,0.8687829189586193
193039,0.879515438849519
