ID,MAPE
223926,7.472387093022236
190950,5.720607072471436
225051,21.43980637266169
151206,12.96626058647575
114233,6.710777043036472
204710,12.831052113026235
174631,9.567814698320817
162924,8.16276606089041
