ID,r2
175842,0.6963285240970257
212720,0.8141419235634368
184306,0.811796858270635
164032,0.7885587756107908
160132,0.7896768435749413
111858,0.8244950558176138
162224,0.8201308620866804
193039,0.8418051510860888
