ID,MAPE
223926,10.543788520280609
190950,6.7275893766339685
225051,17.343652429017734
151206,11.0998467586879
114233,7.3772986165330385
204710,12.84154584798908
174631,6.001697667345347
162924,11.013766801473
