ID,r2
204543,0.817367858611122
201816,0.8555531407407067
170130,0.869041266669327
170641,0.882783158563942
202412,0.8940020344340521
220833_182814,0.8851684118275057
113438,0.8556326876732286
155320,0.8636752811649333
