ID,MAPE
211311,14.088067081816687
215112,10.204681224524807
202935,5.243201602696448
183027,11.102765430332868
134101,26.19073760835529
165303,6.333525091631469
161812,25.758278542339106
191703,50.20887285433295
