ID,MAPE
203048,15.198021642056696
115419,7.519630606025587
174812,9.292934702829648
171752,16.653098322753348
141658,7.0207437363828715
103611,5.467174017775007
184732,11.829777822280604
181313,3.8051673608385514
