ID,r2
175842,0.7198463707927091
212720,0.8540557736757249
184306,0.8785276240947728
164032,0.8639455467836127
160132,0.8072040479654037
111858,0.8195690784905767
162224,0.7942856167570975
193039,0.7956631570866326
