ID,r2
192713,0.720910974894343
171916,0.3321342171863125
154043_181453,0.5360346653562743
172338,0.6424865897448495
210113,0.7122004697827047
195345,0.7587678354869573
165017,0.7604496097264201
233930,0.7794347502340903
