ID,r2
155132,0.04445697285493255
175858,0.4461054454465001
221826,0.6150914038435906
221747,0.7616079281605359
175925,0.7857065817183634
214126,0.7148953276430927
170529,0.77153181341443
160340,0.7775475011372015
