ID,MAPE
155132,18.296290220394713
175858,5.949806998256745
221826,11.528098071198983
221747,8.265810598468072
175925,8.701455493321276
214126,18.421636372307642
170529,9.560338191880426
160340,9.514155828657337
