ID,MAPE
192713,18.432866479141122
171916,19.986298139424104
154043_181453,4.138911242251356
172338,9.96005521752207
210113,9.169315752075676
195345,5.495550659246824
165017,17.396307233260288
233930,8.574060895110637
