ID,MAPE
192713,27.271972463132233
171916,11.844854371252403
154043_181453,6.174456920750037
172338,8.858752238438676
210113,12.323474212990027
195345,7.380075263728794
165017,13.000364495303831
233930,10.030314267699458
