ID,MAPE
191812,9.914038051101212
194958,11.954475432599594
164808,26.757054802284745
172217,19.99510738099826
160727,7.397560084202786
173932,8.925977442910419
190741,12.829067631372665
144838,16.221756433136438
