ID,MAPE
204543,16.040374328950218
201816,21.025134088044744
170130,7.09137999854175
170641,13.508399663639464
202412,7.251334016039244
220833_182814,11.957868132951612
113438,20.660404722931474
155320,7.1989710233405875
