,ST,ST_conf
x1,0.23743958167898097,0.028567575607019707
x2,0.515286961716756,0.07053030676108134
x3,0.17334710845822673,0.022902873597162022
x4,0.07512611581803658,0.014046911114112479
x5,0.19272036252099523,0.021027420671599677
