,ST,ST_conf
x1,0.19546815497705744,0.02360025138397314
x2,0.30447341590483035,0.037118434544958875
x3,0.7128934595918164,0.07844316238459824
x4,0.19850007711020723,0.02788720242685136
x5,0.07185281853094756,0.012921986669562098
