,ST,ST_conf
x1,0.18396096782015187,0.020955760685895036
x2,0.30210977810169737,0.03553350967340054
x3,0.7407507347243715,0.06457823302580062
x4,0.1708283845369916,0.02285349121928723
x5,0.05035396410999759,0.008778628109358547
