,ST,ST_conf
x1,0.24075203997070513,0.024925507381934504
x2,0.39908525901906977,0.043165392831081874
x3,0.11957208155898334,0.01657764101683087
x4,0.3671981940649021,0.04182995451905067
x5,0.11860627103990165,0.015427561460040937
