,ST,ST_conf
x1,0.2581353676013576,0.027229366570161402
x2,0.4328806562566817,0.04431772057554605
x3,0.20971237001619938,0.02390829877179638
x4,0.31544565988613815,0.03686327800124838
x5,0.12675666680983458,0.016854374176811144
