,ST,ST_conf
x1,0.2511186699462302,0.035093357547746666
x2,0.3940573418874033,0.05087123142025926
x3,0.361780466730062,0.037431553537064934
x4,0.41629396351992315,0.050106752447392586
x5,0.10196881630293693,0.01493465771605852
