,ST,ST_conf
x1,0.07348531592999051,0.00362069157795227
x2,0.5020323167942802,0.012330071996506549
x3,0.47740749956236783,0.012205280715512995
x4,0.060725528658327414,0.0019058189810224016
x5,0.03574423143856707,0.0016770839269972422
