ID,r2
204543,0.8426353293212308
201816,0.8103770058464421
170130,0.8300833425879175
170641,0.8488475189560712
202412,0.8654582457785276
220833_182814,0.8667294114058407
113438,0.8642202283552544
155320,0.8672071557498813
