ID,MAPE
210029,13.572811723015695
213253,16.08247870705976
192815,12.175725579366171
182642,8.519391608493299
194304,16.19384065978426
174213_205921,18.375788979738704
154018,11.99093253300327
155745,14.943666192754073
