ID,r2
223926,0.8221051817397534
190950,0.9488467578286172
225051,0.9414012892993412
151206,0.9308906699751874
114233,0.9261591260059842
204710,0.90606864755269
174631,0.913770788791068
162924,0.9161524786830941
