ID,r2
211311,0.9481265247959968
215112,0.9619853317899516
202935,0.9434162183903284
183027,0.9341589053784252
134101,0.9157386791395044
165303,0.9294114261923648
161812,0.8712225516001333
191703,0.8715009117511091
