ID,MAPE
203048,12.066724401564827
115419,6.0175682887131385
174812,9.825688202298114
171752,17.657662352621067
141658,13.834481767182632
103611,15.773467729921922
184732,16.745747731847036
181313,5.548574604314696
