ID,r2
204543,0.8556196967491759
201816,0.8134703962992855
170130,0.8339802569530057
170641,0.8556903375840437
202412,0.8700717203159474
220833_182814,0.8728063733005349
113438,0.8574121825445434
155320,0.8638347006667565
