ID,MAPE
191812,6.059500685846556
194958,10.884956215319129
164808,32.217987190065244
172217,17.874229170029274
160727,7.033251428866467
173932,10.808727042675011
190741,9.427965909283207
144838,14.031426388011608
