ID,MAPE
175842,11.421498282794685
212720,9.245870391821994
184306,14.255204224322586
164032,14.129210231585756
160132,9.601889515893502
111858,6.5075738223061474
162224,12.958121020949614
193039,22.01873988203723
