ID,r2
204543,0.8194879023984059
201816,0.8102091398279241
170130,0.8306938887059583
170641,0.8520280867448695
202412,0.8639728293617863
220833_182814,0.8780056602380673
113438,0.8741886845515916
155320,0.8793771978519591
