ID,r2
175842,0.6839773431438052
212720,0.8182905787530041
184306,0.8196600203774782
164032,0.782357224631463
160132,0.7692323720126073
111858,0.8096254062236867
162224,0.7818691103051025
193039,0.7842160124077198
