ID,MAPE
191812,15.286971171743824
194958,10.21009947411762
164808,25.46052643375806
172217,20.449263459519738
160727,9.521009711816774
173932,4.824119469077954
190741,12.789076677524973
144838,12.003711720570507
