ID,MAPE
192713,18.372403029048343
171916,16.118703949032124
154043_181453,20.80557203508613
172338,7.755430344268301
210113,7.5485992464813085
195345,10.74848385597677
165017,10.70077705319093
233930,13.357699476846696
