ID,r2
223926,0.8964410111932665
190950,0.9398999935311556
225051,0.9499085094701402
151206,0.9292496860101296
114233,0.9228403479048296
204710,0.8907287564363351
174631,0.8987323341942958
162924,0.8990929163865591
