ID,r2
204543,0.9022634011889884
201816,0.8597126507065466
170130,0.8702542032707495
170641,0.8740434837963598
202412,0.8829758070730932
220833_182814,0.8851507372771318
113438,0.867461169281287
155320,0.8723531308886979
