ID,MAPE
223926,9.563440579303489
190950,9.608809981367184
225051,10.815170854400401
151206,9.069687615294256
114233,7.546810369856505
204710,18.628794082451165
174631,8.400391676254243
162924,9.098791256615852
