ID,MAPE
203048,7.503589691843987
115419,9.174524766534901
174812,12.428854126517903
171752,15.4957375547954
141658,6.155844443570295
103611,23.634493525728463
184732,10.602122277045938
181313,8.221607729423985
