ID,r2
203048,0.734540404708407
115419,0.8127012878935247
174812,0.8569177622172305
171752,0.872669887767145
141658,0.8740788222825667
103611,0.8577827797343003
184732,0.8574641368746772
181313,0.8678806715837266
