ID,MAPE
203048,16.12472281583241
115419,6.155839403339358
174812,8.08791689172746
171752,11.955140130292033
141658,7.820622876996333
103611,19.038319875421017
184732,11.895555972771925
181313,7.100069638748207
