ID,r2
182435,0.8919408707498925
202511,0.8476061806122592
204849,0.8023301597501243
101315,0.9095675763510006
201817,0.9099234503889174
132606,0.9120244535272418
182512,0.8421564557223387
185300,0.8500021453409928
