ID,MAPE
204543,15.011008300283642
201816,16.87044153961019
170130,4.929672873816774
170641,21.521317181288207
202412,15.5507822561794
220833_182814,12.315407519992304
113438,13.817070696126258
155320,18.576277567007825
