ID,r2
210029,0.7631396288326162
213253,0.8041905322442533
192815,0.8247401060296093
182642,0.8471956426884547
194304,0.8453730184726925
174213_205921,0.8533803077312598
154018,0.8539076917327608
155745,0.8493947637558947
