ID,r2
155132,0.8549350322988535
175858,0.7209176767227394
221826,0.7789469132294152
221747,0.8617822157240347
175925,0.8671581578552919
214126,0.8347836149011246
170529,0.8299740795477154
160340,0.790175399761177
