ID,r2
211311,0.7756310072546114
215112,0.9574240469569056
202935,0.9473248999942844
183027,0.9371170828250128
134101,0.9313367517683236
165303,0.9421638100238032
161812,0.9216983219060204
191703,0.8994978308552057
