ID,MAPE
210029,15.029692625873425
213253,19.785932882101235
192815,11.494494659310956
182642,6.645060321416339
194304,16.982355939083938
174213_205921,35.68995556951299
154018,3.600307542106076
155745,8.837882917294257
