ID,r2
203048,0.8657678045785159
115419,0.8965919658885555
174812,0.9154240368203992
171752,0.9076496246589322
141658,0.9060551945244396
103611,0.90866751958924
184732,0.8923662408881099
181313,0.901121530942768
