ID,r2
211311,0.9370362801553244
215112,0.9842240649827708
202935,0.9760835475079952
183027,0.9689162298158556
134101,0.9539362694883172
165303,0.955623351616694
161812,0.9437571315090472
191703,0.8945750545092307
