ID,r2
210029,0.5093495881015477
213253,0.4528791635418218
192815,0.7130083548168542
182642,0.7446143275804042
194304,0.7593446106129441
174213_205921,0.7846251930894914
154018,0.7820625960850859
155745,0.7809779929299011
