ID,r2
155132,0.879259725482409
175858,0.8463125102449456
221826,0.7880333556028708
221747,0.8576461522773353
175925,0.8707223920176888
214126,0.6312661858263395
170529,0.6829041581343291
160340,0.6726666839558828
