ID,MAPE
223926,10.93366253450486
190950,8.125457073206821
225051,15.35068898769584
151206,12.87069479155798
114233,6.876041722386392
204710,8.064562095826707
174631,13.962497634685185
162924,11.295779909452472
