ID,r2
182435,0.9108106105746896
202511,0.9430860087816524
204849,0.908255143883258
101315,0.9347754168294796
201817,0.9391087495285492
132606,0.8641378369186931
182512,0.8527447879724912
185300,0.8577625741528181
