ID,MAPE
211311,12.35683191
215112,10.13573467
202935,9.010582761
183027,9.189928616
134101,13.20174087
165303,8.229145255
161812,10.28316516
191703,21.87718543
