ID,MAPE
203048,7.982954245
115419,6.887375515
174812,13.72412475
171752,19.92776688
141658,11.85517855
103611,5.500299616
184732,14.10538668
181313,4.46883834
