ID,r2
155132,0.837998155
175858,0.6340580720000001
221826,0.74287564
221747,0.848265112
175925,0.8517632709999999
214126,0.7819917959999999
170529,0.79972074
160340,0.757091637
