ID,MAPE
192713,14.93472806
171916,10.21308871
154043_181453,19.16892008
172338,9.824706131000001
210113,8.940174735
195345,8.456091744
165017,14.47162685
233930,7.908778702
