ID,r2
223926,0.812022729
190950,0.946526054
225051,0.935667722
151206,0.9218577490000001
114233,0.9203468109999999
204710,0.899228383
174631,0.9049968290000001
162924,0.908118663
