ID,MAPE
204543,13.09252897
201816,17.79680764
170130,3.996124019
170641,18.01554834
202412,13.35840927
220833_182814,12.84488197
113438,14.13294108
155320,9.241225173
