ID,MAPE
211311,9.820748738469382
215112,5.884381743211383
202935,7.8457362723452375
183027,24.234032554348985
134101,22.80423127149673
165303,8.187869592908934
161812,28.60120060759645
191703,40.209967702793634
