ID,r2
203048,0.9200250400728948
115419,0.9320111596161
174812,0.9262820790146106
171752,0.9175315984162068
141658,0.9181829677774628
103611,0.8843171787867681
184732,0.8852556365867031
181313,0.8924826122867302
