ID,r2
155132,0.39619769961463136
175858,0.3622285795497849
221826,0.4894166625810536
221747,0.7208561214645937
175925,0.7267403704179287
214126,0.6901789278861394
170529,0.6843584926848407
160340,0.6561542011070411
