ID,MAPE
192713,14.502404949200239
171916,14.540986674530453
154043_181453,21.766036157989067
172338,7.719588343961438
210113,8.544605034634003
195345,34.59258131645637
165017,7.352573942898491
233930,8.695460091107128
