ID,r2
211311,0.9029718886869768
215112,0.9702386362699086
202935,0.9630935770180512
183027,0.963439354982572
134101,0.919739655005835
165303,0.925657163366874
161812,0.8946013857686339
191703,0.906370185504159
