ID,r2
210029,0.8259736205646927
213253,0.7755943040221059
192815,0.8811276936828131
182642,0.8965301333107817
194304,0.8876020343996884
174213_205921,0.8911730035328748
154018,0.8873058240753882
155745,0.8905121017892839
