ID,r2
182435,0.8070389569783298
202511,0.8516972940994485
204849,0.8380098036035897
101315,0.9288165565805088
201817,0.9322336601468626
132606,0.9316908574543409
182512,0.8761898874803511
185300,0.8803255873571803
