ID,MAPE
210029,15.529161013936466
213253,18.04846132712799
192815,10.551581037516948
182642,4.781447557750732
194304,19.02944477503289
174213_205921,25.688704941509343
154018,8.856715770142593
155745,4.434340185792
