ID,r2
175842,0.644683369909941
212720,0.8054388223350423
184306,0.8163019432917612
164032,0.7934607803529771
160132,0.8017895046150315
111858,0.8373507710229806
162224,0.8332356666966225
193039,0.8413049835555606
