ID,MAPE
155132,5.615114814262428
175858,13.142220085238982
221826,9.895253221127088
221747,5.852210474685366
175925,6.326696295402612
214126,25.347323662849355
170529,11.575306662874134
160340,15.733163006684144
