ID,MAPE
211311,8.265980412014736
215112,10.401210127061164
202935,7.971605679962722
183027,8.348654849328126
134101,9.319642019296627
165303,5.868025166577143
161812,15.266375543659404
191703,19.170373043598662
