ID,MAPE
191812,6.845626076311308
194958,11.649472236877985
164808,26.80636982530118
172217,23.302026397436638
160727,9.475214880608624
173932,10.035897280617911
190741,13.085235532676249
144838,8.655921441168179
