ID,r2
155132,0.545656349991635
175858,0.5710518020807359
221826,0.7004272323097698
221747,0.8247768392194476
175925,0.8359343649296009
214126,0.8447938759880256
170529,0.8217134318486826
160340,0.8054571475713665
