ID,r2
192713,0.5268057307762458
171916,0.6603865027081486
154043_181453,0.7086051029546074
172338,0.7526838785178267
210113,0.7850908488635444
195345,0.8172620555685691
165017,0.8038923235788683
233930,0.8195327552915179
