ID,r2
210029,0.7916963749196037
213253,0.6074406164190793
192815,0.7794053439642417
182642,0.8028481283531861
194304,0.8017215139123155
174213_205921,0.8221571473197831
154018,0.8247725172719009
155745,0.8209456823304457
