ID,r2
223926,0.8479009469972729
190950,0.9440681794480892
225051,0.9500668763099781
151206,0.9321264540736274
114233,0.929452311942475
204710,0.913964918726763
174631,0.9185277222257868
162924,0.9223249167916964
