ID,r2
191812,0.7746510952281699
194958,0.8389051040867079
164808,0.7110091707223957
172217,0.7184190417573882
160727,0.80570271522366
173932,0.7991037254763256
190741,0.8197507199522029
144838,0.8022178543185925
