ID,MAPE
155132,12.9741524705337
175858,7.762981274403707
221826,11.700830354395993
221747,6.506451609255625
175925,8.444548592665301
214126,16.499535918246156
170529,12.503227861851325
160340,10.134668587920249
