ID,MAPE
175842,9.087977987760745
212720,11.582419505070936
184306,15.060788189526768
164032,10.279697103048976
160132,16.57596963166139
111858,5.7120528263135055
162224,10.026153531466159
193039,18.579569988774367
