ID,r2
191812,0.6700033412068773
194958,0.7674600007779969
164808,0.6422929376823039
172217,0.7444902351685065
160727,0.7860036558321072
173932,0.7894025696308126
190741,0.7841875255271917
144838,0.7818786155094389
