ID,r2
155132,0.6807879038260487
175858,0.6852053963866791
221826,0.549504396716735
221747,0.7523992432050967
175925,0.7648439250599302
214126,0.7873383191162727
170529,0.7040254527028567
160340,0.7124986785305789
