ID,MAPE
211311,8.963831874498492
215112,15.416539492205644
202935,8.307682275967297
183027,10.254323561121415
134101,12.327467596123984
165303,6.163194205299801
161812,17.48166768915906
191703,17.33626174720975
