ID,r2
223926,0.8862287039608857
190950,0.9652918236293572
225051,0.8627409906993805
151206,0.8714870988430194
114233,0.8806413997006171
204710,0.8479271229023876
174631,0.8613839547305749
162924,0.8710505126649359
