ID,r2
192713,0.5485003619332198
171916,0.8504109504437498
154043_181453,0.8919297198949324
172338,0.8883703984322753
210113,0.8944619293127986
195345,0.9037013344390112
165017,0.8941260029543625
233930,0.8986300204930731
