ID,MAPE
155132,5.937039605038384
175858,15.927193613879169
221826,8.749643942298718
221747,7.369121030579373
175925,7.586886911679156
214126,18.01828147976711
170529,10.966513852767044
160340,16.45936744108295
