ID,r2
182435,0.7736126953785293
202511,0.890067476306969
204849,0.8419128929257294
101315,0.920519059438288
201817,0.9178447324953816
132606,0.9008736394177712
182512,0.8774204835329011
185300,0.8800149097778339
