ID,MAPE
191812,7.605684346750595
194958,15.662406412635967
164808,21.621858107526336
172217,23.14982710018716
160727,13.81169159583653
173932,7.2328770854291715
190741,12.587025820096304
144838,14.131142130968206
