ID,MAPE
203048,19.22832542773769
115419,7.07570865043011
174812,13.167674092879091
171752,12.725607947909156
141658,17.835683636488877
103611,7.269147088204861
184732,15.612779352935084
181313,5.621667519841544
