ID,MAPE
182435,6.995570652373363
202511,15.895367533853207
204849,28.464095589710396
101315,10.018216031166665
201817,10.959497511702953
132606,19.636713625065838
182512,6.4716851391489305
185300,8.487645082098718
