ID,MAPE
223926,6.747922970041688
190950,7.557940118516967
225051,10.284396108135278
151206,6.209773586516116
114233,4.618827863498696
204710,13.795309601685329
174631,6.655208533966258
162924,7.016323993870211
