ID,r2
210029,0.6788623629091863
213253,0.6167819069352635
192815,0.8988503881074853
182642,0.9089898514086904
194304,0.9095750376176072
174213_205921,0.905705030551768
154018,0.9039399742540868
155745,0.9045827003022516
