ID,MAPE
204543,12.126968266260919
201816,18.841439742799995
170130,8.489860329703081
170641,14.310229189322
202412,15.543176525088391
220833_182814,12.22729857306124
113438,18.285700031449547
155320,7.9497541577764155
