ID,MAPE
192713,24.78351867266892
171916,6.8193455042224365
154043_181453,9.947921377252326
172338,11.394979782237787
210113,7.378686126284717
195345,11.098468774388046
165017,7.334616553731369
233930,12.426067111088464
