ID,r2
192713,0.5356475384104771
171916,0.8476087649035235
154043_181453,0.8892229045872607
172338,0.9028662915187002
210113,0.906828145863888
195345,0.9193004048903832
165017,0.9217168275035132
233930,0.9137620026231846
