ID,r2
203048,0.748306754523899
115419,0.8161516198077068
174812,0.8621494723504224
171752,0.8652010939073093
141658,0.870661805561588
103611,0.8806217302605917
184732,0.8535408170413509
181313,0.865630848612682
