ID,MAPE
175842,12.082898247924092
212720,8.365448308043254
184306,13.164361586448877
164032,7.345801720795128
160132,6.47479638224598
111858,7.720603566619696
162224,8.744038716135792
193039,22.326316332420593
