ID,MAPE
155132,7.767008208156966
175858,14.695479550026018
221826,13.859200247516227
221747,7.323076064713961
175925,12.722171653845034
214126,13.646457879735706
170529,16.52052865060755
160340,19.100677110882245
