ID,MAPE
210029,18.779851532237412
213253,11.657480865819675
192815,16.08364005950286
182642,6.245056470692559
194304,17.746891276512066
174213_205921,27.31736340115774
154018,6.785330789616411
155745,11.367487485039414
