ID,MAPE
175842,11.641142109023564
212720,10.20094012561637
184306,14.101547529551794
164032,11.509020462109904
160132,6.901562803478645
111858,5.359245267540986
162224,9.348891325758801
193039,16.592855726564807
