ID,r2
223926,0.6137229496422956
190950,0.9231609682369852
225051,0.9348482465526138
151206,0.9238064071750532
114233,0.9275692427386172
204710,0.9118028720104828
174631,0.9191389259865428
162924,0.9190663649204792
