ID,MAPE
155132,8.535515742868578
175858,15.954554985492196
221826,9.863365793332402
221747,6.822086308914137
175925,9.271106259862256
214126,18.690003041567095
170529,13.381199642816295
160340,13.842082198526962
