ID,r2
155132,0.8299650105741597
175858,0.6939263320547889
221826,0.7681839967373362
221747,0.8600349793104548
175925,0.8711419429407113
214126,0.7975187387802397
170529,0.8043582966358471
160340,0.7918056086050681
