ID,MAPE
191812,13.059587757105833
194958,10.735337139667177
164808,26.864234824624877
172217,21.56075959111742
160727,4.438243380072733
173932,12.82359111055336
190741,9.68470626882773
144838,18.385535310076122
