ID,MAPE
191812,9.911240301162907
194958,11.993076930682529
164808,29.593289500488734
172217,22.40729117285768
160727,11.672290192465525
173932,8.9214093002347
190741,14.256789910727631
144838,8.704268420724278
