ID,MAPE
203048,10.186780976841424
115419,7.9592754897724705
174812,11.233160422148542
171752,16.017817069112688
141658,13.670609665906019
103611,10.663641962996794
184732,14.887655063891106
181313,5.65383123010269
