ID,r2
211311,0.8860056936232572
215112,0.8796605380596904
202935,0.8874670141493862
183027,0.8977428597735764
134101,0.8870482673939317
165303,0.9095573703299352
161812,0.8843502617065666
191703,0.8840314876876282
