ID,r2
211311,0.788019694
215112,0.9506039270000001
202935,0.9421450729999999
183027,0.94510456
134101,0.93427108
165303,0.9267560859999999
161812,0.919812108
191703,0.920608584
