ID,r2
192713,0.828252485
171916,0.848058546
154043_181453,0.873004462
172338,0.8793154120000001
210113,0.884887601
195345,0.902389905
165017,0.8971885079999999
233930,0.9022412759999999
