ID,r2
175842,0.8663815680199931
212720,0.9204535419071056
184306,0.8720198091060041
164032,0.8420832137044182
160132,0.8401619217579375
111858,0.8290340231437896
162224,0.8244570097150979
193039,0.8409290711592261
