ID,r2
203048,0.7872068576703046
115419,0.8564343062289578
174812,0.8786949921092655
171752,0.8798408699409251
141658,0.8328603365489218
103611,0.8364961364890302
184732,0.8275374197450384
181313,0.8413339689263426
