ID,MAPE
204543,14.761925522794813
201816,9.229064970549546
170130,4.651502834678875
170641,14.949578629725027
202412,21.155549055901094
220833_182814,13.720267159334982
113438,23.7683463657414
155320,8.87775562542951
