ID,MAPE
191812,11.073490438585086
194958,15.176161997190855
164808,25.22313921470388
172217,15.443056277720736
160727,13.458994499527087
173932,6.11404230048365
190741,14.829304881405454
144838,12.536846669910787
