ID,MAPE
204543,12.208665828655679
201816,10.017840497008686
170130,6.536000551322662
170641,12.814791043204632
202412,9.823451554848909
220833_182814,14.106127170454938
113438,21.109402071069
155320,7.666660305427352
